,median,lq,uq,iqr
bt,4.96,3.64,6.73,3.0900000000000003
density,3.31,1.79,5.66,3.87
speed,409.4031007721395,356.74,484.56,127.82
bx_gsm,-0.69,-3.28,2.0,5.279999999999999
by_gsm,0.09,-2.37,2.54,4.91
bz_gsm,0.0,-1.79,1.78,3.5700000000000003
smoothed_ssn,38.9,14.0,96.4,82.4
